{"cameraMode":{"drawMode":0,"name":"Shaded","section":"Shading Mode"},"sceneLighting":true,"audioPlay":false,"sceneViewState":{"m_AlwaysRefresh":false,"showFog":true,"showSkybox":true,"showFlares":true,"showImageEffects":true,"showParticleSystems":true,"showVisualEffectGraphs":true,"m_FxEnabled":true},"in2DMode":false,"pivot":{"x":-4.12375545501709,"y":4.0982465744018559,"z":0.5762832164764404},"rotation":{"x":-0.43584614992141726,"y":-0.24434833228588105,"z":0.12414778769016266,"w":-0.8573297262191773},"size":3.2805123329162599,"orthographic":false}