{"cameraMode":{"drawMode":0,"name":"Shaded","section":"Shading Mode"},"sceneLighting":true,"audioPlay":false,"sceneViewState":{"m_AlwaysRefresh":false,"showFog":true,"showSkybox":true,"showFlares":true,"showImageEffects":true,"showParticleSystems":true,"showVisualEffectGraphs":true,"m_FxEnabled":true},"in2DMode":false,"pivot":{"x":1.2482023239135743,"y":6.329255104064941,"z":-8.076940536499024},"rotation":{"x":0.21181103587150575,"y":-0.6786444187164307,"z":0.21463380753993989,"w":0.6697378158569336},"size":12.160438537597657,"orthographic":false}